timestamp,speed,latitude,longitude,ride_id
1771109315773,39.669684219360356,49.2387736,-122.9216691,3
1771109316176,31.599271774291992,49.2387148,-122.9217764,3
1771109317081,22.59609432220459,49.2386732,-122.9218609,3
1771109318112,19.389116477966308,49.2386399,-122.921927,3
1771109319182,17.792126655578613,49.2386109,-122.921986,3
1771109321121,12.571774578094482,49.2385631,-122.9220757,3
1771109323171,8.804176425933838,49.2385336,-122.9221352,3
1771109325083,17.07224063873291,49.238499,-122.9222069,3
1771109326134,19.231855773925783,49.2384712,-122.9222629,3
1771109327110,20.503178215026857,49.2384427,-122.9223248,3
1771109328172,23.7686616897583,49.2384077,-122.9223931,3
1771109329086,26.772090339660647,49.2383683,-122.9224721,3
1771109330103,29.259369277954104,49.2383282,-122.9225582,3
1771109331087,30.89553909301758,49.2382853,-122.922651,3
1771109332093,33.54850387573242,49.2382396,-122.9227532,3
1771109333074,35.73416862487793,49.2381887,-122.9228613,3
1771109334099,37.60991592407227,49.2381375,-122.9229769,3
1771109335116,39.22507095336914,49.2380852,-122.9230985,3
1771109336129,40.61842575073242,49.2380307,-122.9232252,3
1771109337120,41.68365669250488,49.2379743,-122.9233571,3
1771109338144,40.516259765625,49.2379183,-122.9234903,3
1771109339153,39.20562171936035,49.2378666,-122.9236222,3
1771109340121,38.76111831665039,49.2378167,-122.9237499,3
1771109341145,38.86339073181153,49.2377682,-122.9238782,3
1771109342107,40.55787048339844,49.2377213,-122.924012,3
1771109343083,40.12081031799317,49.2376737,-122.9241473,3
1771109344101,37.71014556884766,49.2376278,-122.9242778,3
1771109345108,34.44042549133301,49.2375866,-122.9243992,3
1771109346132,30.629608154296875,49.23755,-122.9245074,3
1771109347278,28.493436813354492,49.2375139,-122.9246096,3
1771109348095,27.494671440124513,49.2374816,-122.9246997,3
1771109349082,26.80172939300537,49.2374499,-122.9247888,3
1771109350085,28.8798397064209,49.2374204,-122.9248811,3
1771109351144,31.897001266479492,49.2373878,-122.9249831,3
1771109352119,34.29477081298828,49.2373529,-122.9250982,3
1771109353158,36.422668075561525,49.2373152,-122.9252191,3
1771109354129,38.14551315307617,49.2372755,-122.9253491,3
1771109355104,36.71152267456055,49.2372383,-122.9254785,3
1771109356134,37.37695770263672,49.2372033,-122.9256104,3
1771109357095,39.13177299499512,49.2371663,-122.9257459,3
1771109358090,39.98486824035645,49.2371289,-122.9258872,3
1771109359095,38.68739318847656,49.2370922,-122.9260305,3
1771109360090,35.69850425720215,49.2370581,-122.9261665,3
1771109361143,33.08164672851563,49.2370269,-122.926291,3
1771109362127,30.58036880493164,49.2370003,-122.9264085,3
1771109363083,27.546296882629395,49.2369754,-122.926513,3
1771109364122,25.124917030334473,49.2369521,-122.9266069,3
1771109365096,23.302304077148438,49.2369337,-122.9266968,3
1771109366070,21.85912799835205,49.2369172,-122.9267802,3
1771109367123,20.18217487335205,49.2369007,-122.9268523,3
1771109368163,18.35072479248047,49.2368867,-122.9269205,3
1771109370130,14.554893493652344,49.2368621,-122.9270433,3
1771109372131,4.805294609069825,49.2368455,-122.9271178,3
1771109379152,13.915266036987305,49.2368267,-122.9272199,3
1771109381236,20.262012863159182,49.2368009,-122.927348,3
1771109382121,16.584967803955077,49.2367865,-122.9274192,3
1771109384106,8.686467361450196,49.2367701,-122.9275166,3
1771109387166,5.978264951705933,49.2367511,-122.9275895,3
1771109390108,9.90950403213501,49.2367403,-122.9276674,3
1771109392149,13.713680648803711,49.2367236,-122.9277565,3
1771109394196,18.86275291442871,49.236704,-122.9278728,3
1771109395222,22.205865097045898,49.236692,-122.9279488,3
1771109396099,25.17250156402588,49.23668,-122.9280341,3
1771109397134,27.806145858764648,49.2366637,-122.9281321,3
1771109398115,30.118218612670898,49.2366457,-122.9282375,3
1771109399132,30.089915084838868,49.2366281,-122.9283533,3
1771109400121,31.273328018188476,49.2366109,-122.9284709,3
1771109401126,33.91082611083984,49.2365941,-122.9285938,3
1771109402080,35.974264526367186,49.2365761,-122.9287203,3
1771109403172,38.046993255615234,49.2365607,-122.9288563,3
1771109404126,38.9969295501709,49.2365415,-122.9290018,3
1771109405205,37.99438247680664,49.2365251,-122.9291471,3
1771109406123,39.254692840576176,49.2365082,-122.9292913,3
1771109407159,38.78490371704102,49.2364937,-122.929437,3
1771109408108,37.54222297668457,49.2364832,-122.92958,3
1771109409119,35.978569793701176,49.2364727,-122.929718,3
1771109410169,34.59872817993164,49.2364638,-122.929848,3
1771109411157,33.43129692077637,49.2364539,-122.9299763,3
1771109412167,31.991119766235354,49.2364462,-122.9301026,3
1771109413157,30.5586296081543,49.2364388,-122.930221,3
1771109414139,29.270187377929688,49.2364307,-122.9303348,3
1771109415176,26.96272716522217,49.2364251,-122.9304447,3
1771109416186,23.774328231811523,49.236421,-122.9305403,3
1771109417153,20.887960624694824,49.2364169,-122.9306263,3
1771109418104,18.513737869262695,49.2364152,-122.9306994,3
1771109420148,15.452500534057618,49.2364074,-122.9308255,3
1771109422144,13.892965507507325,49.2364038,-122.9309405,3
1771109424065,14.451683807373048,49.2363996,-122.9310441,3
1771109426118,19.921316528320315,49.2363942,-122.9311785,3
1771109427143,22.108311653137207,49.2363919,-122.9312585,3
1771109428182,24.075235176086426,49.23639,-122.931347,3
1771109429160,26.80323486328125,49.2363882,-122.9314399,3
1771109430092,29.03511772155762,49.2363869,-122.9315454,3
1771109431130,31.368442153930665,49.2363869,-122.9316578,3
1771109432151,32.34199562072754,49.2363861,-122.9317814,3
1771109433119,30.81669845581055,49.2363855,-122.9318999,3
1771109434148,29.461579513549804,49.2363856,-122.9320158,3
1771109435093,28.11739196777344,49.2363883,-122.932126,3
1771109436089,26.896716499328615,49.2363907,-122.9322309,3
1771109437139,27.021734046936036,49.2363921,-122.9323351,3
1771109438174,28.916369247436524,49.2363946,-122.9324433,3
1771109439128,31.019444274902344,49.2363977,-122.9325622,3
1771109440154,32.29902534484864,49.2364011,-122.9326852,3
1771109441163,32.84366226196289,49.2364044,-122.9328089,3
1771109442147,33.27588157653809,49.2364137,-122.9329309,3
1771109443136,34.810462188720706,49.2364226,-122.9330605,3
1771109444086,35.922951507568364,49.2364316,-122.933195,3
1771109445140,35.63548049926758,49.2364385,-122.9333317,3
1771109446096,34.552177047729494,49.2364473,-122.9334662,3
1771109447080,33.25837211608887,49.2364543,-122.9335976,3
1771109448067,32.48560752868652,49.2364639,-122.9337211,3
1771109449108,30.323213195800783,49.2364706,-122.9338415,3
1771109450110,27.317595863342287,49.2364795,-122.9339547,3
1771109451121,24.64244899749756,49.2364872,-122.934054,3
1771109452103,22.94278678894043,49.2364935,-122.9341454,3
1771109453188,21.686548233032227,49.2364999,-122.9342311,3
1771109454130,20.93140983581543,49.2365028,-122.9343129,3
1771109455248,21.862708854675294,49.2365076,-122.9343942,3
1771109456232,24.418576812744142,49.2365135,-122.9344835,3
1771109457303,26.58794918060303,49.2365214,-122.9345806,3
1771109458320,28.594466400146484,49.2365298,-122.9346843,3
1771109459196,30.98339881896973,49.236537,-122.9347959,3
1771109460180,33.02594261169434,49.2365454,-122.9349184,3
1771109461223,34.32707748413086,49.2365524,-122.935044,3
1771109462189,34.34701766967773,49.2365608,-122.9351757,3
1771109463193,33.49267272949219,49.2365674,-122.9353039,3
1771109464183,32.817796325683595,49.2365764,-122.9354291,3
1771109465081,34.221395874023436,49.2365847,-122.9355543,3
1771109466116,35.883211898803715,49.2365937,-122.9356858,3
1771109467149,35.722904205322266,49.2366016,-122.9358233,3
1771109468107,35.18155975341797,49.2366112,-122.9359605,3
1771109469187,35.11296730041504,49.2366222,-122.9360923,3
1771109470072,34.32255249023438,49.2366327,-122.9362258,3
1771109471089,33.39572525024414,49.2366412,-122.9363559,3
1771109472160,32.43068618774414,49.2366508,-122.9364824,3
1771109473116,29.985304641723634,49.2366587,-122.9366003,3
1771109474096,28.919799041748046,49.2366664,-122.9367102,3
1771109475258,26.136998176574707,49.2366723,-122.9368168,3
1771109476152,21.379931831359865,49.2366766,-122.9369069,3
1771109477322,17.673386764526366,49.2366813,-122.9369781,3
1771109479104,14.66788101196289,49.2366873,-122.9370976,3
1771109481101,16.170693969726564,49.236697,-122.9372083,3
1771109482208,18.843767166137695,49.2367021,-122.9372767,3
1771109483160,19.0606595993042,49.2367056,-122.9373494,3
1771109484099,18.87810459136963,49.236709,-122.9374213,3
1771109485244,19.677013206481934,49.2367148,-122.9374931,3
1771109486086,21.430609703063965,49.2367205,-122.9375714,3
1771109487116,24.996234512329103,49.236726,-122.9376605,3
1771109488078,25.870988273620608,49.2367357,-122.937756,3
1771109489122,25.62967185974121,49.2367424,-122.9378555,3
1771109490098,23.7756929397583,49.2367482,-122.9379491,3
1771109491167,20.246987342834473,49.2367534,-122.9380313,3
1771109493134,7.452222919464112,49.2367574,-122.9381313,3
1771109496107,9.180737972259521,49.2367618,-122.938211,3
1771109498179,15.52756290435791,49.2367724,-122.9383045,3
1771109500577,22.27031879425049,49.2367843,-122.9384462,3
1771109501114,24.849524116516115,49.2367901,-122.9385356,3
1771109502119,26.240688514709472,49.2367953,-122.9386332,3
1771109503119,26.342301750183108,49.2368019,-122.9387316,3
1771109504113,25.082247161865237,49.2368079,-122.9388276,3
1771109505164,25.77315673828125,49.2368155,-122.9389245,3
1771109506097,28.446667671203613,49.2368257,-122.9390262,3
1771109507129,30.86455421447754,49.2368357,-122.9391384,3
1771109508098,32.723320770263676,49.236844,-122.939259,3
1771109509134,34.58134918212891,49.2368511,-122.9393848,3
1771109510116,35.85692024230957,49.2368611,-122.9395157,3
1771109511167,37.7302059173584,49.2368699,-122.9396596,3
1771109512116,39.82116165161133,49.2368787,-122.9398072,3
1771109513121,39.808431243896486,49.2368872,-122.9399602,3
1771109514111,39.39869270324707,49.2368961,-122.9401076,3
1771109515107,39.65926094055176,49.2369062,-122.9402559,3
1771109516131,40.00668640136719,49.2369157,-122.940408,3
1771109517166,38.99083213806153,49.2369276,-122.9405571,3
1771109518211,35.71202087402344,49.2369372,-122.9406972,3
1771109519187,30.277431106567384,49.2369453,-122.9408229,3
1771109520101,24.29901638031006,49.2369512,-122.9409244,3
1771109521152,21.025330924987795,49.2369572,-122.9410123,3
1771109522170,17.88892478942871,49.2369621,-122.9410862,3
1771109524192,15.140600395202638,49.2369721,-122.9412074,3
1771109526099,16.461963844299316,49.2369812,-122.9413247,3
1771109528150,21.015953063964844,49.2369919,-122.9414608,3
1771109529093,23.880317115783694,49.2369984,-122.9415467,3
1771109530106,26.472034835815432,49.237005,-122.9416436,3
1771109531129,28.81186180114746,49.2370104,-122.9417466,3
1771109532174,31.15763168334961,49.2370178,-122.9418602,3
1771109533105,32.53692741394043,49.2370257,-122.9419783,3
1771109534080,33.22549896240235,49.2370354,-122.9421044,3
1771109535091,33.950967407226564,49.2370445,-122.942231,3
1771109536082,35.753930282592776,49.2370531,-122.9423628,3
1771109537133,37.41009864807129,49.2370626,-122.9425037,3
1771109538101,38.35705146789551,49.2370736,-122.9426473,3
1771109539109,38.95042304992676,49.2370824,-122.9427925,3
1771109540112,40.32762794494629,49.2370931,-122.942944,3
1771109541145,41.20555572509766,49.2371044,-122.9430972,3
1771109542311,41.53760032653809,49.2371153,-122.9432568,3
1771109543175,41.595295715332036,49.237127,-122.9434147,3
1771109544106,41.927848434448244,49.2371401,-122.9435734,3
1771109545100,42.12090225219727,49.2371543,-122.9437313,3
1771109546190,41.36650543212891,49.2371692,-122.9438889,3
1771109547129,40.08380355834961,49.2371846,-122.944039,3
1771109548096,36.42858352661133,49.2372019,-122.944187,3
1771109549128,31.407889938354494,49.2372177,-122.9443155,3
1771109550080,25.17920150756836,49.2372312,-122.9444245,3
1771109551122,21.6152006149292,49.2372416,-122.9445163,3
1771109552291,19.080850410461426,49.2372504,-122.9445961,3
1771109553109,17.73750400543213,49.2372584,-122.9446671,3
1771109554131,20.168862533569335,49.2372675,-122.9447373,3
1771109555150,23.3900505065918,49.2372781,-122.9448202,3
1771109556127,23.06424922943115,49.2372892,-122.9449065,3
1771109557112,22.97637405395508,49.2372992,-122.9449909,3
1771109558095,23.641797065734863,49.2373101,-122.9450802,3
1771109559107,22.77674732208252,49.2373217,-122.94517,3
1771109560188,22.542166900634765,49.2373334,-122.9452529,3
1771109561126,21.29484272003174,49.2373444,-122.9453354,3
1771109562080,19.345775413513184,49.2373554,-122.9454083,3
1771109563087,17.221920776367188,49.2373657,-122.9454762,3
1771109565177,19.428457832336427,49.2373848,-122.945611,3
1771109566127,21.619632911682128,49.2373987,-122.9456842,3
1771109567140,22.00799446105957,49.2374115,-122.9457644,3
1771109568113,22.521869659423828,49.2374263,-122.9458447,3
1771109569174,23.141562080383302,49.2374407,-122.9459307,3
1771109570229,24.335901260375977,49.237456,-122.9460169,3
1771109571093,25.702914619445803,49.237473,-122.9461096,3
1771109572171,26.7019495010376,49.2374908,-122.9462043,3
1771109573093,26.352709579467774,49.2375101,-122.9463015,3
1771109574105,25.87994899749756,49.2375292,-122.9463953,3
1771109575096,26.9416934967041,49.2375487,-122.9464933,3
1771109576215,28.171523666381837,49.2375677,-122.9465923,3
1771109577099,29.263241958618163,49.2375888,-122.9466959,3
1771109578157,30.273393630981445,49.2376101,-122.9468019,3
1771109579132,31.034560775756837,49.2376331,-122.946912,3
1771109580108,30.934846115112304,49.2376579,-122.9470243,3
1771109581084,29.740230560302734,49.2376822,-122.947134,3
1771109582119,28.354480361938478,49.2377036,-122.9472408,3
1771109583129,27.03244571685791,49.2377232,-122.9473445,3
1771109584093,25.834487915039062,49.2377427,-122.9474426,3
1771109585136,24.79457187652588,49.2377605,-122.9475351,3
1771109586082,23.46811008453369,49.2377791,-122.9476235,3
1771109587131,22.593148612976076,49.2377981,-122.947709,3
1771109588092,21.178730964660645,49.237817,-122.947788,3
1771109589150,22.059882545471194,49.2378377,-122.9478653,3
1771109590127,23.443756484985354,49.2378577,-122.947952,3
1771109591117,23.620849227905275,49.2378784,-122.948037,3
1771109592139,22.282819175720217,49.2378983,-122.9481159,3
1771109593110,21.560481834411622,49.2379196,-122.948187,3
1771109594113,21.63307914733887,49.2379417,-122.9482623,3
1771109595160,21.12352809906006,49.2379618,-122.9483392,3
1771109596121,20.65832405090332,49.2379789,-122.948412,3
1771109597126,20.557769966125488,49.2379989,-122.9484821,3
1771109598116,20.94074993133545,49.2380179,-122.9485591,3
1771109599147,21.69111442565918,49.2380376,-122.9486374,3
1771109600130,23.003300857543945,49.2380599,-122.9487162,3
1771109601112,22.88690242767334,49.2380838,-122.9487952,3
1771109602099,21.5178617477417,49.2381065,-122.9488744,3
1771109603144,20.183834838867188,49.238128,-122.948952,3
1771109604148,18.90546741485596,49.238149,-122.949023,3
1771109606246,16.010842895507814,49.238184,-122.9491413,3
1771109608171,17.873780822753908,49.2382168,-122.9492505,3
1771109609155,21.75857219696045,49.2382385,-122.9493223,3
1771109610163,24.40272388458252,49.2382606,-122.9494011,3
1771109611082,24.84016857147217,49.2382844,-122.9494844,3
1771109612201,20.97886562347412,49.2383075,-122.9495611,3
1771109613090,18.656506919860842,49.2383267,-122.9496296,3
1771109615088,16.057012939453127,49.2383608,-122.9497486,3
1771109617140,18.31073627471924,49.2383982,-122.9498679,3
1771109618162,19.44199333190918,49.2384194,-122.949933,3
1771109619158,19.70336151123047,49.2384416,-122.9500016,3
1771109620114,19.141903495788576,49.2384627,-122.9500681,3
1771109621159,19.678879165649416,49.2384832,-122.9501302,3
1771109622106,21.068677139282226,49.2385022,-122.9501986,3
1771109623083,24.772698783874514,49.2385235,-122.9502754,3
1771109624116,27.895269012451173,49.2385515,-122.9503636,3
1771109625185,30.183638763427734,49.2385806,-122.9504642,3
1771109626132,31.790825271606447,49.2386139,-122.9505726,3
1771109627096,31.92535972595215,49.2386451,-122.9506857,3
1771109628111,32.325052642822264,49.2386787,-122.9507993,3
1771109629112,35.49290885925293,49.2387134,-122.9509149,3
1771109630131,39.082162857055664,49.2387528,-122.951042,3
1771109631157,42.765885543823245,49.2387938,-122.9511818,3
1771109632161,47.31394386291504,49.2388407,-122.9513397,3
1771109633166,51.49746551513672,49.2388924,-122.951512,3
1771109634236,55.84197463989258,49.2389474,-122.9516985,3
1771109635111,59.36533126831055,49.239006,-122.9519023,3
1771109636095,63.162357330322266,49.2390691,-122.9521162,3
1771109637098,66.7423484802246,49.2391386,-122.9523415,3
1771109638108,69.42230529785157,49.2392114,-122.9525759,3
1771109639104,72.014501953125,49.2392842,-122.952822,3
1771109640117,74.344482421875,49.2393602,-122.9530784,3
1771109641161,76.40180282592773,49.2394398,-122.9533427,3
1771109642086,78.12618255615234,49.2395207,-122.9536094,3
1771109643128,80.05444107055665,49.2396058,-122.9538836,3
1771109644121,81.39399032592773,49.2396925,-122.9541632,3
1771109645125,82.6875617980957,49.2397793,-122.9544462,3
1771109646165,82.10822525024415,49.2398685,-122.9547319,3
1771109647184,82.48366928100586,49.2399557,-122.955015,3
1771109648079,83.79540939331055,49.2400434,-122.9553033,3
1771109649094,84.86006011962891,49.2401265,-122.9555929,3
1771109650084,85.9821144104004,49.240213,-122.9558892,3
1771109651101,86.84271469116212,49.2403,-122.956189,3
1771109652108,88.2912208557129,49.2403879,-122.9564938,3
1771109653112,89.63819961547851,49.2404786,-122.9568035,3
1771109654174,91.05313568115234,49.2405689,-122.9571232,3
1771109655138,92.40943908691406,49.240656,-122.9574461,3
1771109656139,93.54115447998048,49.2407415,-122.957777,3
1771109657095,92.97285919189453,49.2408234,-122.9581122,3
1771109658163,92.78125076293945,49.2409048,-122.9584439,3
1771109659155,93.90609970092774,49.2409836,-122.9587769,3
1771109660162,94.7295524597168,49.2410632,-122.959116,3
1771109661108,93.65142288208008,49.2411371,-122.9594547,3
1771109662102,92.81161422729492,49.2412089,-122.9597922,3
1771109663086,93.53917007446289,49.2412783,-122.9601284,3
1771109664113,94.64110565185547,49.2413467,-122.960475,3
1771109665128,96.03276443481445,49.2414134,-122.9608236,3
1771109666126,97.40628204345704,49.2414805,-122.9611784,3
1771109667096,98.40550918579102,49.241548,-122.9615376,3
1771109668099,99.57285461425782,49.241618,-122.9618999,3
1771109669107,100.37965621948243,49.2416876,-122.9622649,3
1771109670093,100.86600036621094,49.2417602,-122.9626348,3
1771109671136,99.98815841674805,49.2418349,-122.963,3
1771109672111,98.49222564697266,49.2419133,-122.9633536,3
1771109673133,97.70846099853516,49.2419958,-122.9637012,3
1771109674133,97.74145431518555,49.2420842,-122.9640483,3
1771109675163,97.57273178100586,49.2421836,-122.9643919,3
1771109676167,97.80117187500001,49.2422929,-122.9647295,3
1771109677174,98.06237182617188,49.2424108,-122.9650548,3
1771109678123,97.83621139526367,49.2425352,-122.9653735,3
1771109679152,97.71560897827149,49.2426668,-122.9656916,3
1771109680127,97.96834259033203,49.2428043,-122.9660032,3
1771109681154,98.59760513305665,49.2429508,-122.966305,3
1771109682122,99.36384658813476,49.2431031,-122.9665968,3
1771109683153,99.90382461547851,49.2432644,-122.9668867,3
1771109684174,100.23159484863281,49.2434346,-122.9671692,3
1771109685092,100.73374557495117,49.2436092,-122.967439,3
1771109686115,101.13623657226563,49.2437938,-122.9676987,3
1771109687143,101.92129211425781,49.2439872,-122.967951,3
1771109688128,102.55773696899415,49.2441879,-122.9681893,3
1771109689201,103.11245727539062,49.2443941,-122.9684209,3
1771109690123,103.83388137817383,49.2446072,-122.9686435,3
1771109691147,104.67884674072266,49.244825,-122.9688582,3
1771109692116,105.60330505371094,49.2450492,-122.9690691,3
1771109693141,106.299755859375,49.2452773,-122.9692753,3
1771109694126,106.98405303955079,49.2455074,-122.969477,3
1771109695156,107.63541870117187,49.2457398,-122.9696831,3
1771109696120,108.21708297729492,49.2459689,-122.9698922,3
1771109697096,108.96759338378907,49.2462032,-122.9701032,3
1771109698102,109.4384880065918,49.2464385,-122.9703148,3
1771109699097,108.11612548828126,49.2466763,-122.9705211,3
1771109700106,106.3375831604004,49.2469091,-122.9707246,3
1771109701115,105.96095809936524,49.2471378,-122.9709278,3
1771109702118,106.40430450439453,49.2473672,-122.9711313,3
1771109703176,106.91431732177735,49.2475978,-122.9713356,3
1771109704120,107.14043655395508,49.247829,-122.9715384,3
1771109705099,107.30370025634765,49.2480612,-122.9717434,3
1771109706144,107.78157806396484,49.2482954,-122.9719495,3
1771109707106,108.04623870849609,49.2485282,-122.9721575,3
1771109708132,108.24564743041992,49.2487603,-122.97237,3
1771109709146,108.51872634887695,49.2489931,-122.9725834,3
1771109710134,108.9308578491211,49.2492282,-122.9727899,3
1771109711147,107.8987403869629,49.2494633,-122.9729935,3
1771109712094,106.02016067504883,49.2496962,-122.9731969,3
1771109713125,104.2692970275879,49.2499218,-122.9733955,3
1771109714112,102.79464340209961,49.250146,-122.9735949,3
1771109715207,102.00106658935547,49.2503657,-122.9737904,3
1771109716182,102.0703353881836,49.2505852,-122.9739869,3
1771109717084,102.32475814819337,49.2508071,-122.974185,3
1771109718161,102.5965187072754,49.2510302,-122.9743825,3
1771109719117,102.81503677368164,49.2512512,-122.9745791,3
1771109720114,102.25419845581055,49.2514733,-122.9747741,3
1771109721223,101.60134963989258,49.2516936,-122.9749671,3
1771109722107,101.26238708496093,49.2519134,-122.9751611,3
1771109723142,101.7861946105957,49.2521338,-122.9753553,3
1771109724133,102.1377571105957,49.2523547,-122.9755519,3
1771109725168,102.73590087890625,49.2525753,-122.9757497,3
1771109726142,102.99607772827149,49.2527975,-122.9759473,3
1771109727096,103.31956329345704,49.2530202,-122.976145,3
1771109728196,103.45959091186523,49.2532451,-122.9763431,3
1771109729105,103.66261825561524,49.2534677,-122.976547,3
1771109730099,103.25617218017578,49.2536912,-122.976748,3
1771109731137,103.25716781616211,49.2539129,-122.9769441,3
1771109732221,103.53990097045899,49.2541353,-122.9771398,3
1771109733134,103.47930450439453,49.2543604,-122.9773374,3
1771109734163,102.09238357543946,49.2545822,-122.977532,3
1771109735154,100.82936782836914,49.2548007,-122.977727,3
1771109736136,100.53735809326172,49.2550119,-122.977929,3
1771109737118,101.3339012145996,49.2552223,-122.9781431,3
1771109738075,102.14789199829102,49.2554275,-122.9783722,3
1771109739121,102.72213363647461,49.2556259,-122.9786196,3
1771109740130,103.17519607543946,49.2558195,-122.9788792,3
1771109741108,102.35083694458008,49.2560052,-122.9791521,3
1771109742127,101.11670837402345,49.2561821,-122.9794342,3
1771109743111,100.05863571166992,49.2563492,-122.9797202,3
1771109744128,99.3896987915039,49.2565095,-122.9800127,3
1771109745216,99.29768829345703,49.2566613,-122.9803088,3
1771109746127,100.00457611083985,49.2568035,-122.9806196,3
1771109747138,100.13134460449218,49.2569366,-122.9809444,3
1771109748152,99.23487396240235,49.257062,-122.9812737,3
1771109749128,98.96589431762696,49.2571792,-122.981607,3
1771109750171,99.71152954101562,49.2572898,-122.9819447,3
1771109751173,100.61296463012695,49.2573912,-122.9822958,3
1771109752173,101.07009201049804,49.2574834,-122.9826574,3
1771109753126,101.07743225097657,49.2575646,-122.9830245,3
1771109754182,101.30152587890625,49.257637,-122.9833942,3
1771109755216,101.46307983398438,49.257702,-122.983761,3
1771109756130,101.57126083374024,49.2577587,-122.9841392,3
1771109757150,101.81059112548829,49.2578053,-122.9845229,3
1771109758135,102.09223937988281,49.2578422,-122.9849026,3
1771109759181,102.28886032104492,49.2578671,-122.985291,3
1771109760127,102.82627716064454,49.2578826,-122.9856801,3
1771109761168,103.23064270019532,49.2578896,-122.986071,3
1771109762149,103.24548797607422,49.2578901,-122.986464,3
1771109763083,102.21197662353516,49.2578905,-122.9868514,3
1771109764130,100.57142944335938,49.25789,-122.9872357,3
1771109765141,98.58247146606446,49.2578908,-122.9876171,3
1771109766155,96.20833282470703,49.2578917,-122.9879894,3
1771109767089,94.28755187988281,49.2578905,-122.9883515,3
1771109768123,92.1780876159668,49.2578903,-122.9887073,3
1771109769145,91.30454406738282,49.2578921,-122.9890565,3
1771109770120,90.57266235351562,49.2578934,-122.9894018,3
1771109771114,90.098348236084,49.2578969,-122.9897463,3
1771109772154,89.73545608520509,49.2579034,-122.9900887,3
1771109773117,90.21653366088867,49.2579054,-122.9904293,3
1771109774189,91.5492919921875,49.2579057,-122.9907779,3
1771109775135,93.28064804077148,49.2579038,-122.9911322,3
1771109776119,95.20633850097657,49.2579051,-122.9914895,3
1771109777161,97.27867584228515,49.2579052,-122.9918557,3
1771109778108,98.64846496582031,49.2579029,-122.9922281,3
1771109779139,100.01035766601562,49.2579014,-122.9926056,3
1771109780148,101.09392547607422,49.2578989,-122.9929891,3
1771109781111,101.97785797119141,49.2578977,-122.9933745,3
1771109782162,103.04875030517579,49.2578952,-122.9937629,3
1771109783082,103.5512924194336,49.2578887,-122.9941571,3
1771109784155,104.32196273803712,49.2578808,-122.9945554,3
1771109785132,105.00655517578126,49.2578738,-122.9949565,3
1771109786175,105.55545959472657,49.2578657,-122.9953591,3
1771109787117,105.7568733215332,49.2578558,-122.9957629,3
1771109788221,106.05728759765626,49.2578425,-122.9961673,3
1771109789205,106.05337371826172,49.2578281,-122.9965724,3
1771109790139,106.23273239135743,49.2578137,-122.9969787,3
1771109791107,105.2365608215332,49.2577982,-122.9973808,3
1771109792265,103.92577514648438,49.2577817,-122.9977785,3
1771109793136,103.72809677124023,49.2577643,-122.998173,3
1771109794146,104.35242233276368,49.257746,-122.9985698,3
1771109795119,104.02110214233399,49.257731,-122.99897,3
1771109796146,102.98874435424806,49.257714,-122.9993656,3
1771109797168,101.66862716674805,49.2577009,-122.9997544,3
1771109798134,100.28259887695313,49.2576908,-123.0001406,3
1771109799119,99.54284820556641,49.2576811,-123.0005197,3
1771109800122,100.02303314208984,49.2576743,-123.0008996,3
1771109801117,100.91635208129883,49.2576676,-123.0012841,3
1771109802175,101.59282150268555,49.2576658,-123.0016714,3
1771109803126,102.11909408569336,49.2576669,-123.0020552,3
1771109804128,102.10354156494141,49.2576701,-123.0024494,3
1771109805129,102.39964370727539,49.2576766,-123.0028386,3
1771109806181,102.83565673828126,49.2576833,-123.0032288,3
1771109807116,102.49276657104492,49.2576904,-123.0036231,3
1771109808152,100.97500534057617,49.2576946,-123.004015,3
1771109809101,99.68479843139649,49.2576969,-123.0044006,3
1771109810119,98.27013702392578,49.2576986,-123.004781,3
1771109811106,96.74270782470704,49.2577018,-123.0051514,3
1771109812106,95.4220344543457,49.257706,-123.0055148,3
1771109813092,93.79057846069337,49.2577092,-123.0058768,3
1771109814125,92.34063034057617,49.2577126,-123.0062309,3
1771109815146,91.05379486083984,49.2577187,-123.0065829,3
1771109816146,89.74717025756836,49.2577245,-123.0069256,3
1771109817154,88.31986083984376,49.257728,-123.0072669,3
1771109818110,87.44341278076172,49.2577316,-123.0076018,3
1771109819183,86.03504791259766,49.2577347,-123.0079351,3
1771109820176,84.88184051513672,49.2577411,-123.0082597,3
1771109821154,83.32083435058594,49.2577496,-123.0085782,3
1771109822210,82.16374740600587,49.2577636,-123.0088937,3
1771109823155,79.22033157348633,49.2577766,-123.0092053,3
1771109824155,72.37207946777345,49.2577933,-123.009493,3
1771109825159,66.24862976074219,49.2578108,-123.0097554,3
1771109826126,63.425775146484376,49.2578264,-123.0099991,3
1771109827129,58.41359939575195,49.2578384,-123.0102331,3
1771109828136,47.51318778991699,49.2578508,-123.0104364,3
1771109829150,43.508327865600585,49.2578586,-123.0106073,3
1771109830116,41.03518867492676,49.2578645,-123.0107708,3
1771109831101,37.71888656616211,49.2578723,-123.01092,3
1771109832152,34.00918464660645,49.2578756,-123.0110573,3
1771109833089,31.5684757232666,49.2578763,-123.0111798,3
1771109834129,29.407955932617188,49.2578805,-123.011294,3
1771109835149,26.43536968231201,49.2578834,-123.0114024,3
1771109836111,22.062026596069337,49.2578835,-123.0114982,3
1771109837139,16.641815185546875,49.2578833,-123.0115755,3
1771109839098,10.890808868408204,49.2578833,-123.0116767,3
1771109841115,8.138917350769043,49.2578824,-123.0117461,3
1771109843133,11.489235877990723,49.2578804,-123.0118218,3
1771109845106,9.663914966583253,49.2578784,-123.0119037,3
1771109848126,7.509134674072266,49.2578767,-123.0119766,3
1771109851141,11.551869964599609,49.2578821,-123.0120918,3
1771109853117,14.769296836853028,49.2578873,-123.0122054,3
1771109855151,10.456986236572266,49.2578898,-123.0122921,3
1771109857121,11.786069297790528,49.2578887,-123.0123771,3
1771109859155,15.706770515441894,49.257887,-123.012478,3
1771109861110,16.025593757629395,49.2578865,-123.0125962,3
1771109863114,16.564620780944825,49.2578868,-123.0127214,3
1771109865124,13.499531364440918,49.257885,-123.0128333,3
1771109867132,14.564729690551758,49.2578832,-123.0129377,3
1771109869103,16.158123207092284,49.2578823,-123.0130497,3
1771109871158,15.309897994995117,49.2578799,-123.0131712,3
1771109873097,9.758341598510743,49.2578752,-123.0132662,3
1771109876135,4.543840169906616,49.2578719,-123.013339,3
1771109879092,10.696211814880371,49.2578716,-123.0134092,3
1771109881168,16.99496383666992,49.2578682,-123.0135186,3
1771109883103,17.757969474792482,49.2578605,-123.0136504,3
1771109884157,19.26716136932373,49.2578542,-123.0137219,3
1771109885112,18.305764961242676,49.2578486,-123.0137933,3
1771109887110,15.907301902770996,49.2578369,-123.0139191,3
1771109889147,13.7935435295105,49.257826,-123.0140323,3
1771109891136,13.174974632263185,49.2578163,-123.0141356,3
1771109893152,12.9857102394104,49.2578062,-123.0142334,3
1771109895123,9.551547145843506,49.2577961,-123.0143198,3
1771109897142,11.228254795074463,49.2577907,-123.0143964,3
1771109899112,18.7574369430542,49.2577793,-123.0145073,3
1771109900146,21.478633689880372,49.2577749,-123.0145849,3
1771109901172,22.883464050292968,49.257767,-123.0146654,3
1771109902203,22.614238929748534,49.2577592,-123.0147544,3
1771109903091,20.191161346435546,49.2577518,-123.0148371,3
1771109904134,17.131748771667482,49.2577459,-123.0149096,3
1771109906121,15.474287796020509,49.2577383,-123.0150259,3
1771109908106,14.689321517944336,49.2577276,-123.0151414,3
1771109910141,13.035889434814454,49.2577207,-123.0152451,3
1771109912178,12.719193935394287,49.2577184,-123.0153401,3
1771109914196,15.769835472106934,49.2577171,-123.0154482,3
1771109916184,19.882818031311036,49.2577135,-123.0155834,3
1771109917157,21.61538944244385,49.2577081,-123.0156665,3
1771109918150,22.75550422668457,49.2576976,-123.0157506,3
1771109919104,23.156941223144532,49.2576887,-123.0158365,3
1771109920164,22.14089469909668,49.2576799,-123.0159254,3
1771109921107,20.69809627532959,49.257674,-123.0160047,3
1771109922161,21.07584743499756,49.2576723,-123.0160835,3
1771109923142,21.668163299560547,49.2576745,-123.0161643,3
1771109924133,21.04306869506836,49.2576718,-123.0162498,3
1771109925172,19.72420635223389,49.2576739,-123.0163315,3
1771109926181,18.79699287414551,49.2576708,-123.0164067,3
1771109927104,19.136285018920898,49.25767,-123.0164802,3
1771109928166,18.797600555419923,49.2576699,-123.0165529,3
1771109930233,16.46553955078125,49.2576718,-123.0166867,3
1771109932209,16.504153060913087,49.257679,-123.016814,3
1771109934165,18.651851463317872,49.2576887,-123.0169494,3
1771109935134,17.679254150390626,49.2576936,-123.0170213,3
1771109937178,15.730746459960939,49.2577063,-123.0171518,3
1771109939098,13.614585685729981,49.2577198,-123.0172684,3
1771109941144,6.496391773223877,49.2577314,-123.0173522,3
1771109950098,8.57812671661377,49.257735,-123.0174379,3
1771109952117,15.194994735717774,49.2577513,-123.0175221,3
1771109954169,21.647811126708984,49.2577737,-123.017657,3
1771109955147,24.207213592529296,49.2577896,-123.0177393,3
1771109956154,26.073579597473145,49.2578092,-123.0178314,3
1771109957122,27.404865074157716,49.2578317,-123.0179261,3
1771109958108,26.934021949768066,49.2578558,-123.0180236,3
1771109959127,24.632901191711426,49.2578808,-123.0181175,3
1771109960134,21.02652225494385,49.2579012,-123.0181994,3
1771109961162,17.41612300872803,49.2579214,-123.0182651,3
1771109963172,14.745849609375,49.2579539,-123.0183764,3
1771109965134,13.677106475830078,49.2579847,-123.0184741,3
1771109967157,18.018378067016602,49.2580176,-123.0185806,3
1771109968157,21.580761909484863,49.2580413,-123.0186474,3
1771109969132,23.915203857421876,49.2580689,-123.0187205,3
1771109970140,22.973529624938966,49.2581005,-123.0187999,3
1771109971154,21.551392364501954,49.2581294,-123.0188735,3
1771109972144,20.218936157226562,49.2581548,-123.0189446,3
1771109973130,18.618552589416506,49.2581809,-123.0190059,3
1771109974145,18.57012348175049,49.2582063,-123.0190653,3
1771109975224,19.14276695251465,49.2582301,-123.0191249,3
1771109976200,20.44475326538086,49.2582562,-123.0191885,3
1771109977157,22.60766429901123,49.2582849,-123.0192572,3
1771109978178,24.187348937988283,49.2583149,-123.0193325,3
1771109979163,25.473870277404785,49.2583492,-123.0194124,3
1771109980130,26.67509479522705,49.2583866,-123.0194997,3
1771109981141,28.280956077575684,49.2584286,-123.0195853,3
1771109982134,28.604057121276856,49.2584725,-123.0196752,3
1771109983128,27.364330673217776,49.258518,-123.0197608,3
1771109984123,26.113964653015138,49.258559,-123.0198409,3
1771109985112,23.969811058044435,49.2586006,-123.0199176,3
1771109986198,20.124443435668947,49.2586362,-123.0199825,3
1771109988142,13.625069904327393,49.258689,-123.020078,3
1771109990138,11.749614429473878,49.2587305,-123.0201511,3
1771109992130,9.827988052368164,49.258765,-123.0202135,3
1771109994109,9.641325187683107,49.2587988,-123.020267,3
1771109996133,9.381487369537354,49.2588306,-123.0203222,3
1771109999109,8.14658374786377,49.2588713,-123.0203967,3
1771110001230,10.126013660430909,49.2589029,-123.0204523,3
1771110003181,11.497000980377198,49.2589404,-123.0205241,3
1771110005151,9.632209968566896,49.2589775,-123.0205859,3
1771110007128,9.689012718200685,49.2590124,-123.0206365,3
1771110009214,9.518699741363525,49.2590506,-123.0206816,3
1771110012107,10.112085914611816,49.2591023,-123.0207497,3
1771110014096,11.487831687927246,49.2591416,-123.0208106,3
1771110016126,13.973055839538574,49.2591852,-123.0208793,3
1771110018115,18.922324562072756,49.2592469,-123.0209687,3
1771110019159,21.706359672546387,49.2592824,-123.0210247,3
1771110020178,24.722117042541505,49.2593257,-123.0210849,3
1771110021117,27.000219726562502,49.2593717,-123.0211531,3
1771110022204,28.58050003051758,49.25942,-123.0212293,3
1771110023153,27.875519371032716,49.2594711,-123.0213033,3
1771110024142,26.643591499328615,49.25952,-123.0213715,3
1771110025155,25.463831520080568,49.2595655,-123.02144,3
1771110026141,24.39185085296631,49.2596112,-123.0215083,3
1771110027127,24.563692474365237,49.2596553,-123.0215719,3
1771110028145,25.629048728942873,49.2596988,-123.0216397,3
1771110029148,25.569846153259277,49.2597446,-123.0217072,3
1771110030124,24.51017532348633,49.2597884,-123.0217736,3
1771110031190,23.419911003112794,49.2598302,-123.0218368,3
1771110032132,22.174633026123047,49.2598697,-123.0218983,3
1771110033138,20.850758171081544,49.2599074,-123.0219537,3
1771110034132,19.745277786254885,49.2599427,-123.022006,3
1771110035201,20.49375057220459,49.2599779,-123.0220599,3
1771110036142,23.772130966186523,49.2600175,-123.0221187,3
1771110037154,27.163761520385744,49.2600628,-123.0221854,3
1771110038144,30.28822174072266,49.2601136,-123.0222624,3
1771110039092,33.335187149047854,49.2601718,-123.0223421,3
1771110040140,33.514947509765626,49.2602334,-123.0224316,3
1771110041153,32.96432304382324,49.2602938,-123.022521,3
1771110042138,31.673882675170898,49.2603514,-123.0226035,3
1771110043180,30.835646438598634,49.2604082,-123.0226808,3
1771110044149,30.15278778076172,49.2604627,-123.0227606,3
1771110045155,29.16561813354492,49.2605143,-123.0228401,3
1771110046161,26.15574703216553,49.2605622,-123.0229146,3
1771110047157,23.608396911621096,49.2606092,-123.0229781,3
1771110048160,21.768224716186523,49.2606522,-123.0230389,3
1771110049172,19.901482772827148,49.2606899,-123.0230922,3
1771110050107,18.53159236907959,49.2607231,-123.023145,3
1771110052153,16.768427467346193,49.2607815,-123.0232394,3
1771110054182,22.3281120300293,49.2608461,-123.0233422,3
1771110055175,23.842378234863283,49.2608876,-123.0234051,3
1771110056177,23.44629364013672,49.2609302,-123.0234683,3
1771110057137,22.16857166290283,49.2609729,-123.0235297,3
1771110058185,22.681492424011232,49.2610136,-123.023587,3
1771110059303,24.2895715713501,49.2610543,-123.023649,3
1771110060178,25.802934837341308,49.2610986,-123.0237157,3
1771110061207,26.32360954284668,49.2611456,-123.0237846,3
1771110062108,25.406678581237795,49.2611917,-123.0238533,3
1771110063110,26.640724754333498,49.2612385,-123.0239184,3
1771110064173,29.724070358276368,49.2612909,-123.0239921,3
1771110065200,32.04191093444825,49.2613461,-123.024071,3
1771110066169,33.69243507385254,49.2614084,-123.0241544,3
1771110067136,34.34936256408692,49.2614738,-123.0242396,3
1771110068097,33.60366554260254,49.2615378,-123.0243234,3
1771110069144,32.80592079162598,49.2616029,-123.0243984,3
1771110070101,31.836974716186525,49.2616673,-123.0244707,3
1771110071138,31.75367088317871,49.2617325,-123.0245421,3
1771110072123,32.515191650390626,49.2617971,-123.0246135,3
1771110073192,32.83357543945313,49.2618648,-123.0246859,3
1771110074128,32.27267532348633,49.261932,-123.0247552,3
1771110075223,32.41882095336914,49.261998,-123.0248252,3
1771110076113,33.122639465332036,49.262067,-123.0248912,3
1771110077144,33.8025764465332,49.2621378,-123.0249565,3
1771110078118,33.7643783569336,49.262209,-123.0250228,3
1771110079150,32.821892166137694,49.2622842,-123.0250854,3
1771110080119,31.782098007202148,49.2623546,-123.025144,3
1771110081091,31.804736709594728,49.262424,-123.0251966,3
1771110082120,31.004204177856447,49.2624955,-123.0252504,3
1771110083165,30.227992630004884,49.2625624,-123.0252985,3
1771110084106,28.878717041015626,49.2626301,-123.0253464,3
1771110085106,27.26853847503662,49.2626985,-123.0253897,3
1771110086126,21.379967880249023,49.2627576,-123.0254231,3
1771110087154,16.615123558044434,49.262803,-123.0254456,3
1771110089134,11.752162742614747,49.2628704,-123.0254842,3
1771110091168,13.534560585021973,49.2629278,-123.0255186,3
1771110093139,23.225585174560546,49.263016,-123.0255704,3
1771110094120,26.2624174118042,49.2630747,-123.0256002,3
1771110095157,25.858141136169433,49.2631365,-123.0256306,3
1771110096130,24.765914726257325,49.2631965,-123.025655,3
1771110097150,23.51480884552002,49.2632559,-123.0256759,3
1771110098110,21.078350257873534,49.2633101,-123.0256938,3
1771110099177,18.359395408630373,49.2633569,-123.0257113,3
1771110101100,15.261364173889161,49.2634389,-123.025742,3
1771110103137,11.965773868560792,49.2635067,-123.0257662,3
1771110105121,9.83111572265625,49.2635592,-123.0257818,3
1771110107140,16.755242156982423,49.2636209,-123.0258013,3
1771110108157,20.904034996032717,49.2636678,-123.0258131,3
1771110109111,24.54350337982178,49.2637262,-123.0258266,3
1771110110095,24.830342674255373,49.2637901,-123.0258413,3
1771110111163,23.736449432373046,49.2638476,-123.0258533,3
1771110112134,22.874225234985353,49.263903,-123.0258664,3
1771110113135,21.829076957702636,49.2639562,-123.0258751,3
1771110114134,21.105665016174317,49.2640095,-123.0258828,3
1771110115121,21.854244232177734,49.2640635,-123.0258921,3
1771110116140,22.891612815856934,49.2641192,-123.0258984,3
1771110117121,23.49811134338379,49.2641797,-123.0259065,3
1771110118125,22.618937301635743,49.2642333,-123.0259119,3
1771110119110,21.63841953277588,49.2642848,-123.0259215,3
1771110120143,20.74156436920166,49.2643349,-123.0259297,3
1771110121158,20.697902297973634,49.264385,-123.0259365,3
1771110122114,21.86103858947754,49.264439,-123.0259416,3
1771110123204,23.599482536315918,49.2644963,-123.025949,3
1771110124124,23.502892112731935,49.2645566,-123.0259568,3
1771110125169,22.499098777770996,49.264614,-123.0259602,3
1771110126125,22.061636924743652,49.2646714,-123.025965,3
1771110127154,22.022008895874023,49.2647252,-123.0259702,3
1771110128158,21.654035568237305,49.2647792,-123.0259744,3
1771110129114,20.490140533447267,49.2648335,-123.0259781,3
1771110130098,15.679266929626465,49.2648804,-123.0259859,3
1771110132122,11.48096523284912,49.2649486,-123.0259927,3
1771110135129,5.708545875549317,49.2650002,-123.0260008,3
1771110138149,5.3582970142364506,49.2650465,-123.0260076,3
1771110142100,6.054641819000245,49.2650966,-123.0260123,3
1771110145168,11.156263446807861,49.2651505,-123.0260194,3
1771110148188,19.424495887756347,49.2652644,-123.0260285,3
1771110149143,19.855139350891115,49.2653136,-123.0260319,3
1771110150143,19.9134183883667,49.2653624,-123.0260368,3
1771110151124,19.704144287109376,49.2654113,-123.0260416,3
1771110152111,17.371333122253418,49.2654576,-123.0260474,3
1771110154128,5.008315515518189,49.2655121,-123.026054,3
1771110157187,6.807908248901367,49.265559,-123.0260596,3
1771110160115,6.059792947769165,49.2656103,-123.0260661,3
1771110163129,7.0649059295654295,49.2656574,-123.0260715,3
1771110166121,8.856137466430665,49.26572,-123.0260757,3
1771110168155,9.807707118988038,49.2657662,-123.0260816,3
1771110170176,13.800403118133545,49.2658259,-123.0260923,3
1771110172098,15.816611480712892,49.2659014,-123.0261034,3
1771110174106,14.99322910308838,49.2659752,-123.0261141,3
1771110176156,10.823380279541016,49.2660414,-123.0261221,3
1771110178121,9.397554874420166,49.2660873,-123.0261328,3
1771110181109,9.526067447662355,49.2661522,-123.0261464,3
1771110183168,12.941816425323486,49.2662135,-123.0261633,3
1771110185115,16.047298622131347,49.2662896,-123.0261818,3
1771110187170,15.594498825073243,49.2663703,-123.0262009,3
1771110189155,17.318131828308108,49.2664487,-123.0262264,3
1771110191224,17.185166358947754,49.2665325,-123.0262495,3
1771110193135,16.69716911315918,49.2666164,-123.026274,3
1771110195231,16.152769088745117,49.2666949,-123.0262995,3
1771110197119,15.470849418640137,49.2667717,-123.0263231,3
1771110199121,14.447982788085938,49.2668421,-123.0263496,3
1771110201241,9.54476137161255,49.2669016,-123.0263732,3
1771110205147,2.300837087631226,49.2669492,-123.0263884,3
1771110210156,6.1737645149230955,49.2669969,-123.0264073,3
1771110213115,7.70824556350708,49.2670458,-123.0264262,3
1771110216131,13.146693420410157,49.267112,-123.026453,3
1771110218201,18.82859573364258,49.2671921,-123.0264877,3
1771110219156,18.78516540527344,49.2672371,-123.0265077,3
1771110221141,13.315053749084473,49.2673155,-123.0265416,3
1771110223141,9.196722221374513,49.2673698,-123.0265671,3
1771110226115,6.41039457321167,49.2674201,-123.0265846,3
1771110229105,7.25998706817627,49.267474,-123.0266057,3
1771110232229,14.06612548828125,49.2675456,-123.0266394,3
1771110235179,14.189037609100343,49.2676508,-123.0266962,3
1771110237132,13.049038696289063,49.2677139,-123.0267284,3
1771110239136,13.755530834197998,49.2677766,-123.0267624,3
1771110241156,14.023503684997559,49.2678444,-123.0267969,3
1771110243159,9.287521648406983,49.2679022,-123.0268206,3
1771110253091,4.962681484222412,49.2679545,-123.0268465,3
1771110258099,3.8511144161224364,49.267998,-123.0268673,3
1771110261139,10.01259183883667,49.268043,-123.0268894,3
1771110263110,15.193817138671875,49.2681024,-123.0269181,3
1771110265114,17.344356536865234,49.2681833,-123.0269589,3
1771110266184,18.552495574951173,49.2682277,-123.0269792,3
1771110267168,20.513407516479493,49.2682757,-123.0270026,3
1771110268149,22.350496673583987,49.2683291,-123.02703,3
1771110269151,22.59305763244629,49.2683851,-123.0270559,3
1771110270144,21.019073867797854,49.268437,-123.02708,3
1771110271137,19.216795921325684,49.2684823,-123.0271034,3
1771110272166,17.392306709289553,49.2685257,-123.0271264,3
1771110274153,11.938360404968263,49.2685972,-123.0271622,3
1771110276131,8.177133464813233,49.2686439,-123.0271842,3
1771110279123,6.951204299926758,49.2686926,-123.0272049,3
1771110282123,13.424020957946778,49.2687626,-123.0272354,3
1771110284157,17.32566432952881,49.2688396,-123.0272784,3
1771110286126,15.654595756530762,49.2689192,-123.0273169,3
1771110288195,13.623055458068848,49.2689882,-123.0273514,3
1771110290097,16.642484664916992,49.2690574,-123.0273854,3
1771110291117,18.733533096313476,49.2691017,-123.0274088,3
1771110292135,20.917112159729005,49.2691513,-123.0274302,3
1771110293121,24.189268112182617,49.269204,-123.0274542,3
1771110294128,26.85853214263916,49.2692642,-123.0274848,3
1771110295133,25.13676681518555,49.2693213,-123.027514,3
1771110296157,22.49593162536621,49.269376,-123.0275411,3
1771110297110,18.850547790527344,49.2694255,-123.0275664,3
1771110299131,9.085343170166016,49.2694909,-123.0276012,3
1771110302152,6.793053960800171,49.2695403,-123.027625,3
1771110305139,8.046099185943604,49.2695973,-123.0276496,3
1771110308111,9.667216873168945,49.2696596,-123.0276822,3
1771110310114,9.028791904449463,49.2697032,-123.0277067,3
1771110313150,10.059701728820801,49.2697679,-123.0277395,3
1771110315139,10.073906707763673,49.2698142,-123.02776,3
1771110317174,10.523826026916504,49.2698614,-123.0277901,3
1771110319120,12.283026409149171,49.2699152,-123.0278182,3
1771110321122,13.412453556060791,49.2699729,-123.0278483,3
1771110323165,14.805012702941895,49.2700404,-123.0278818,3
1771110325142,14.49847183227539,49.270108,-123.0279156,3
1771110327148,14.389991283416748,49.2701775,-123.0279466,3
1771110329127,14.506155395507813,49.2702458,-123.0279797,3
1771110331119,14.341136455535889,49.2703131,-123.0280125,3
1771110333144,10.345019245147705,49.2703797,-123.0280435,3
1771110336194,5.429916286468506,49.270431,-123.0280706,3
1771110339109,8.341040897369385,49.2704818,-123.0281,3
1771110342102,7.201706314086914,49.2705349,-123.0281278,3
1771110345133,6.987475061416626,49.2705891,-123.0281522,3
1771110349122,6.849787187576294,49.2706402,-123.0281777,3
1771110352185,7.838429260253906,49.2706977,-123.0282086,3
1771110355179,8.712098979949952,49.2707603,-123.0282406,3
1771110358140,5.8745012283325195,49.2708145,-123.0282663,3
1771110369173,7.134683704376221,49.2708601,-123.0282929,3
1771110372176,8.60178165435791,49.2709203,-123.0283237,3
1771110374213,9.481677532196045,49.2709651,-123.0283475,3
1771110376130,11.961423969268798,49.2710152,-123.0283748,3
1771110378134,14.468111801147462,49.2710768,-123.0284094,3
1771110380105,14.986594390869142,49.2711454,-123.0284499,3
1771110382158,13.211670684814454,49.2712156,-123.0284893,3
1771110384129,10.24195032119751,49.2712687,-123.0285215,3
1771110386150,9.580621433258058,49.2713121,-123.0285478,3
1771110388156,9.867845249176026,49.2713552,-123.0285745,3
1771110390124,9.829903793334962,49.2713999,-123.0286018,3
1771110392161,9.604186248779298,49.2714428,-123.0286284,3
1771110394132,9.63187608718872,49.2714869,-123.0286578,3
1771110396148,9.362215805053712,49.2715323,-123.0286841,3
1771110398126,12.518332958221436,49.2715802,-123.0287159,3
1771110400222,15.785786247253418,49.2716456,-123.0287558,3
1771110402167,17.723345375061037,49.2717237,-123.0288061,3
1771110404145,19.301095390319826,49.2718048,-123.0288622,3
1771110405165,20.676487541198732,49.2718521,-123.0288898,3
1771110406115,20.416499519348147,49.2718987,-123.0289221,3
1771110407216,17.880257606506348,49.2719431,-123.0289502,3
1771110409119,10.484976482391358,49.2720089,-123.028992,3
1771110411122,7.436006927490235,49.272051,-123.0290167,3
1771110414156,6.0272060394287115,49.2720986,-123.0290513,3
1771110417118,7.537148094177247,49.2721474,-123.0290888,3
1771110420138,7.753957271575928,49.2722028,-123.029124,3
1771110423112,8.500198459625244,49.2722615,-123.029156,3
1771110426149,8.49659185409546,49.2723157,-123.0291934,3
1771110429163,9.469821739196778,49.2723773,-123.0292334,3
1771110431175,11.338955783843994,49.2724249,-123.0292687,3
1771110433215,11.050111484527589,49.2724752,-123.0293076,3
1771110435147,10.836743259429932,49.2725266,-123.0293405,3
1771110437153,9.269110107421875,49.2725722,-123.029375,3
1771110440143,8.8530424118042,49.2726267,-123.0294189,3
1771110442109,10.694066047668457,49.272673,-123.0294527,3
1771110444166,10.664490509033204,49.2727205,-123.0294905,3
1771110446165,11.707056999206543,49.2727716,-123.0295286,3
1771110448146,11.533010387420655,49.2728226,-123.0295699,3
1771110450139,11.063097667694093,49.2728722,-123.0296057,3
1771110452125,10.837440204620362,49.2729224,-123.0296392,3
1771110454127,11.51061887741089,49.2729747,-123.0296718,3
1771110456168,11.926141548156739,49.2730291,-123.0297166,3
1771110458128,12.021049690246583,49.2730845,-123.0297548,3
1771110460143,12.582819271087647,49.27314,-123.0297963,3
1771110462158,11.837481880187989,49.2731956,-123.0298407,3
1771110464194,9.245187377929687,49.2732396,-123.0298759,3
1771110467130,7.48826494216919,49.2732898,-123.0299164,3
1771110470136,7.1891840457916265,49.2733417,-123.0299514,3
1771110473171,5.794159841537476,49.273391,-123.0299764,3
1771110476128,8.932789421081543,49.2734381,-123.0300064,3
1771110478134,11.22103385925293,49.2734802,-123.0300407,3
1771110480182,12.891022682189941,49.2735341,-123.0300828,3
1771110482158,14.137384700775147,49.2735907,-123.0301273,3
1771110484138,14.835086059570314,49.2736577,-123.030173,3
1771110486158,17.03576774597168,49.2737253,-123.0302248,3
1771110488246,18.585878562927245,49.2738058,-123.0302866,3
1771110489141,19.24635429382324,49.2738477,-123.0303194,3
1771110490119,19.297027015686037,49.2738901,-123.0303523,3
1771110491160,20.119207763671877,49.2739347,-123.0303872,3
1771110492110,20.643152618408205,49.2739804,-123.0304185,3
1771110493152,21.19511604309082,49.2740261,-123.0304518,3
1771110494155,21.14973564147949,49.2740753,-123.030486,3
1771110495129,20.047254180908205,49.2741234,-123.0305188,3
1771110496180,18.932613945007326,49.2741679,-123.0305492,3
1771110497129,17.696911239624026,49.2742121,-123.030575,3
1771110499137,15.21672706604004,49.2742838,-123.0306259,3
1771110501131,12.893940925598145,49.2743499,-123.0306688,3
1771110503200,11.952507019042969,49.2744035,-123.0307036,3
1771110505125,14.464318084716798,49.2744655,-123.030737,3
1771110507297,13.176594257354736,49.2745337,-123.0307729,3
1771110509156,13.164146232604981,49.2745953,-123.0308148,3
1771110511129,8.332617473602296,49.2746424,-123.0308472,3
1771110514134,2.5686455726623536,49.2746849,-123.0308736,3
1771110521368,6.6855042457580565,49.2747323,-123.0309007,3
1771110524249,7.5570264816284185,49.2747878,-123.0309293,3
1771110527263,11.369287490844727,49.2748527,-123.0309661,3
1771110529266,9.01672067642212,49.2749043,-123.0309929,3
1771110533648,4.02434778213501,49.2749558,-123.0310193,3
1771110536440,10.100063610076905,49.2750095,-123.0310467,3
1771110541218,7.208952999114991,49.2750868,-123.0310752,3
1771110543263,3.959968328475952,49.2751326,-123.0310969,3
